
TRUNCATE TABLE `attributes`;

INSERT INTO `attributes` (`id`, `group_id`, `name`, `image`, `sort_order`, `status`, `created_by`, `created_at`, `updated_by`, `updated_at`) VALUES
(1, 1, 'color', '', 0, 1, 0, '0000-00-00 00:00:00', 0, '2019-06-08 08:11:20'),
(2, 2, 'Surface Finish', '', 0, 1, 0, '0000-00-00 00:00:00', 0, '0000-00-00 00:00:00'),
(3, 1, 'red', 'undefined', 0, 1, 0, '2019-02-02 02:35:21', 0, '0000-00-00 00:00:00');

--
-- Dumping data for table `attribute_groups`
--
TRUNCATE TABLE `attribute_groups`;
INSERT INTO `attribute_groups` (`id`, `name`, `image`, `sort_order`, `status`, `created_by`, `created_at`, `updated_by`, `updated_at`) VALUES
(1, 'Color', '', 0, 1, 0, '0000-00-00 00:00:00', 0, '2019-06-08 08:11:20'),
(2, 'Finishing', '', 0, 1, 0, '0000-00-00 00:00:00', 0, '0000-00-00 00:00:00');

--
-- Dumping data for table `banners`
--
TRUNCATE TABLE `banners`;
INSERT INTO `banners` (`id`, `type_id`, `name`, `status`, `created_by`, `created_at`, `updated_by`, `updated_at`) VALUES
(1, 2, 'banner', 1, 0, '2019-07-01 04:23:33', 0, '2019-07-01 04:23:42');

--
-- Dumping data for table `banner_images`
--
TRUNCATE TABLE `banner_images`;
INSERT INTO `banner_images` (`id`, `banner_id`, `type`, `type_id`, `name`, `image`, `link`, `sort_order`) VALUES
(2, 1, '', 0, 'c456', 'upload/banners/banner10.jpg', 'dsad', 0);

--
-- Dumping data for table `manufactures`
--

TRUNCATE TABLE `manufactures`;
INSERT INTO `manufactures` (`id`, `name`, `image`, `sort_order`, `status`, `created_by`, `created_at`, `updated_by`, `updated_at`) VALUES
(1, 'Cadbury', 'upload/manufactures/Cadbury.jpg', 0, 1, 0, '0000-00-00 00:00:00', 0, '2019-02-26 04:52:08'),
(2, 'Dabur', 'upload/manufactures/Dabur.jpg', 0, 1, 0, '0000-00-00 00:00:00', 0, '0000-00-00 00:00:00'),
(3, 'Headshoulders', 'upload/manufactures/Headshoulders.jpg', 0, 1, 0, '2019-01-30 01:29:10', 0, '0000-00-00 00:00:00'),
(4, 'Lifebuoy', 'upload/manufactures/Lifebuoy.jpg', 0, 1, 0, '2019-02-26 04:52:18', 0, '0000-00-00 00:00:00'),
(5, 'Pampers', 'upload/manufactures/Pampers.jpg', 0, 1, 0, '0000-00-00 00:00:00', 0, '2019-02-26 04:52:08'),
(6, 'Parachute', 'upload/manufactures/Parachute.jpg', 0, 1, 0, '0000-00-00 00:00:00', 0, '0000-00-00 00:00:00'),
(7, 'Ponds', 'upload/manufactures/Ponds.jpg', 0, 1, 0, '2019-01-30 01:29:10', 0, '0000-00-00 00:00:00'),
(8, 'SurfExcel', 'upload/manufactures/SurfExcel.jpg', 0, 1, 0, '2019-02-26 04:52:18', 0, '0000-00-00 00:00:00'),
(9, 'Vaseline', 'upload/manufactures/Vaseline.jpg', 0, 1, 0, '2019-02-26 04:52:18', 0, '0000-00-00 00:00:00'),
(10, 'Whisper', 'upload/manufactures/Whisper.jpg', 0, 1, 0, '2019-02-26 04:52:18', 0, '0000-00-00 00:00:00'),
(11, 'Tide', 'upload/manufactures/Tide.jpg', 0, 1, 0, '0000-00-00 00:00:00', 0, '2019-02-26 04:52:08'),
(12, 'Patanjali', 'upload/manufactures/Patanjali.jpg', 0, 1, 0, '0000-00-00 00:00:00', 0, '0000-00-00 00:00:00');

-- --------------------------------------------------------

--
-- Table structure for table `products`
--

--
-- Dumping data for table `products`
--
TRUNCATE TABLE `products`;
INSERT INTO `products` (`id`, `type_id`, `manufacture_id`, `code`, `model`, `sku`, `name`, `price_type`, `price`, `image`, `description`, `text`, `tax_class_id`, `length_class_id`, `length`, `width`, `height`, `weight_class_id`, `weight`, `viewed`, `minimum`, `shipping`, `inventory`, `status`, `created_by`, `created_at`, `updated_by`, `updated_at`) VALUES
(1, 1, 1, '123', '123', '123', 'Makeup Primer', 'FIXED', '2500.00000000', 'upload/products/beauty/Lakme-Absolute-Blur-Perfect-Makeup-Primer.jpg', 'Lorem Ipsum is simply dummy text of the printing and typesetting industry.', 'undefined', 1, 1, '10.00000000', '10.00000000', '20.00000000', 4, '30.00000000', 0, 2, 0, 0, 1, 0, '0000-00-00 00:00:00', 0, '2019-06-02 11:47:27'),
(2, 1, 1, 'c456', 'c456', 'c456', 'Rose Powder', 'FIXED', '400.00000000', 'upload/products/beauty/Lakme-Rose-Powder-With-Sunscreen.jpg', 'Lorem Ipsum has been the industry\'s standard dummy text ever since the 1500s.', '', 1, 1, '0.00000000', '0.00000000', '0.00000000', 2, '50.00000000', 0, 2, 0, 0, 1, 0, '2019-02-02 01:44:38', 0, '2019-02-08 07:10:05'),
(3, 1, 1, '123', '123', '123', 'CC Cream', 'FIXED', '330.00000000', 'upload/products/beauty/Lakme-Women-BB-and-CC-Cream.jpg', 'It has survived not only five centuries, but also the leap into electronic typesetting, remaining essentially unchanged.', '<p><img src=\"data:image/jpeg;base64,/9j/4AAQSkZJRgABAQAAAQABAAD/2wCEAAkGBxMTEhUTExMWFhUXGBsbFxcYGBgeHRkaGBgYGh0aHRoaHSggGxomHhoaIjEhJSkrLi4vGB8zODMuNygtLisBCgoKDg0OGxAQGy8mICUuLS0yLSstLS8wNysyLS0uLS0vLS0tLS0rLTUtLS8tLS8tLS0tNS4tLS0vMC0tLS0rLf/AABEIAHkBnwMBIgACEQEDEQH/xAAcAAEAAgMBAQEAAAAAAAAAAAAABQYDBAcCAQj/xABJEAACAQMCAwUFBAYGBwkBAAABAgMABBESIQUxQQYTIlFhBzJxgZEUI0KxUnKhwdHwFTNigrLhJDRDRJKiwxYlU1SDhMLT8Rf/xAAaAQEAAwEBAQAAAAAAAAAAAAAAAQIDBAUG/8QAMhEAAgIBAgMGBAUFAQAAAAAAAAECEQMSIQQxQVFhcYGR8BMiocEFFCMy0UJSseHxM//aAAwDAQACEQMRAD8A5HSlKqailKUApSlAKUpQClKUApSlAKUpQClKUBc+xnZE3NpfTPbyuUgJtWUSYaUFwQunaQggDTvUxY+zZUt7wzyQNILeKSBu+KCIvrJMgJGF2G7DBwcda+ezjhcv9HcSmkJjt5LcqkpOQChk1kIp1ZHlgZq4cYa2UiKZpv8AT4bS0GhF8JGSDqLfiEp6baSd6kqcd7WcAaxuWtncSMqq2pQQDrXPImoqErnxAkehA/MGpbtpB3d/cx948miVlDyNqYgeZ/gBULUEkzb3FgPfguT+rPGP2GI1IwXXBfx2/EPlNCfzUVIcE4JZ2q20nEEeaa6KGG1UkBIncKJpcEE5/CmRnkepW78aS0g4pa8M/o+zlSZR3mm3CMmsuAVYMTsFLHPTkaEFGgfs8feTiK/3oj/hzW2sXZk7Ga+UnzH8ENV/2h8Fis7+a3hOY10kAnJTWgbQSdzjPXfBGfOpKIX/AA/h06S2QSG9Kr3sgGtfCdtOdQyASNQGDk+lASf9HdmT/vt0vxjkP/Rry/Z7s+3u8VmX4xn98Yrn1tA0jqiKWdiFVVGSxJwAB51aP/5nxbKg2TDV17yHA+JEmw+NCTeueyfCf9nxtB+vAx/wkVHTdlrQe7xi0b4pMPyVqrE0ZVmU4ypIOCCMg4OCNiNuYqc4L2Lv7uLvre1eSPJGrVGoJGxxrYFsHbbO4IoDzNwCIZxxGzb4Gf8AdCa0nsIxzuoT+os5/OJazcd7OXNn3f2mLujIGKqWQthSASQpOBvtnnUUqkkAAkk4AG5JPIAdT6UBnuIox7shf4IQPnqI/I1r1YbnsRfxwPcS2zRRIoYtIVU4JAACk6tRJGxAqv0ApSlCRSlKAUpSgFKUoBSlKAUpSgFKUoBSlKAUpSgFKUoBSlKAUpSgFKUoBSlKAUpSgFKUoBSlKAUpSgL77PppHseLRamZVtPAmSQC5kzpXoSccuZroFpPE960c+gJEbVLdnYANe26vqROrY16WI5EY5kVxXhvaC5gTRDKUTUH0hU3Zd1ZiVy+DuNWQCBjkMat/fyzsGlcuQAq5xhQN8ADYb5JxzJJOSc0siiQ7X8MuYLuUXahZpGaU4YEN3jMdS4Puk5xnB2qEkGQR6VJ3U0lwVee4DuFCDvGYsFXOAW0+p5kmtS6tmjOGx6Ebg/A9arqTdGjxTUdTWx11eGQ33GeH3cE8ckTosjRBvHD9mQYVl6DXo5431VF9pvaT3d7cva2kCzhmi+1OWdysZKZVTgLnT8PMGqz2V7dTcPTTb29pqOdUrxuZGBbOkusg8I2wB5ConjvGBcspFtbwadWe4Rl1lsElyzMWIxt5ZNWMaNdOKTCcXOovOJBJqYBtTg5BIOx36fSune2yWYQ2ds2uTukElxLgkd6/gQswGFyRLgbc8DlXKYJSjK45qwYZ5ZUgjPpkVZe2Hb274gAspRIxv3cQIVmH4mySWPkCcD9tC1Gl2Jt7p72E2SBp0bWuoeBQNi0h6R4OCee+Bvir5xrjtzcyTcN4a7SyMHkupQ5UNj3ordXY93CMgDBy2eZGWNL7MdtbqwjZLbul1uGd2j1O2AAEJJ9wbkADOWO+9TPFPavezRle7to5GUqZo427zS2xClnOnbrv6YoQyggjGeldX4dxibhvDrd77wlCxs7ZS6SPq1HNywb+pBJITGTgZzyrmnCb4280cypG5jbUqyLqQkcsqCM4O435gVd7f2w8Q0lZktp1PR4iP8ACwBHxHzoHZXO2cV736zX28k8ayqdQI7ts6QoBIUDcaenrnNWLsPaC14dd8XKhpYz3NrkAhHcqplweoLgf3W86qPaHjs15N305XVpCqqLpREXOERd8KMnqeZqa7L+0G6sbZ7aFYmVmLqZFLFGOMkDUAeQIyNjnnyoK2Lf2xF3HwK1t5TNLcTu08+rW7rGh7w6uZVU1Qg9B6VySrj2h9pd/dwC3dkRNIDmMENLtvrYsdjzKjAPXI2qm0JR9pSlCRSlKAUpSgFKUoBSlKAUpSgFKUoBSlKAUpSgFKUoBSlKAUpSgFKUoBSlKAUpSgFfUUkgAZJOAB1J2AoqkkAbk7AeprofZbsrFETPLMrldIQxnKq5z+LOGxtzA9OW2WXKsatlJzUVuUOWwlUkGNsg6TsTuMbZG3UfWtqLgM7EgJyGS2dhnoT57chmrZcSBpSjuyZBUMpBGcjGRnG4yOYr6+tVyqHQuSWY4YnddOOu+r6GuP8AOTa2SMHnZRLmEoxUkHHUcj1rHUlxSzYkyr4lPMjHhI6EAk7DG9Rtd0JXFM6Iu0WHs1wu2lAeX7XlZFDd1brJEASMa3LjTnfIxy866Be8C4V9q4pCqHvFgVkiWGP7vEeS1susF36nZdzzrQ9krD7FdAyPGGurVdUbFTlnVQuobhWJCsR0Y1LWt1cRwzz3t9DbyTXMixsFXMTQztFMgYxNrQoDpB38KjIya0ByTia2wK/ZpJZBg6jKiIQdsY0O2fnisMU3hKncc1z0I6fOp/2hXwmujIs0EkZyIhADiNA3hVsouXPvE77k74rVurFGtY3jUAog7xhzZmfcH1GoD+7WOWSVX1ZeOV4/Pb1I5LiHHihOepWRh9AQa2YJLL8cV1/dmi/fD++ouvhNalSyQT8JHvQX5/8AVg/cgrfg4nwNefD7xz11XAH+BhVStrWST+rR3/UVm/IVLQdj7991tZPmUX/EwqrklzZOlvkWePtVwNRtwZm/XkB/aWNfT244UPc4FAf1mT/62qBj7BcQOR3GMc/Ghx130selfX7BXwODGufLWM/Sq/Gh/cvUt8KT6MmpPaBY/h4FZD4hD/0a15O38HTgvDB8YVP/AMRUNc9i75OcB+TL+8io+fglynvQSDHPCk/4c1KyRfJoh42uaJ2Xtxn3eGcKX/2an99ZRc3UsQlFjw9EbOnFpCpYDbK6gds7c6pzDBwdj5Hn9Ktlj2kBj0O+gYGQVLDIx4lABwdvTnjfAqmaeSKWhHVwWHBkk1mlX0+r9sgbriLMSDFAp66YI1x9FrRNS8tqbhnmyI0ZiBkbnAHQHyxnfrWSW9hihEcIJk/HJ5n08gN8fyaPL0St++pxzcVJqO+5CUpStiRSlKAUpSgFKUoBSlKAUpSgFKUoBSlKAUpSgFKUoBSlKAUpVs7Lez27vY++XRFD0eTV4h5ooBLLnbOw8s4NCG6KnSt3jfCpbWd4JgA6HfG4IIyGB6gg5rVgj1MFyBk8zyH0qA2krPFKtfDexokYBrgLnkwTUp9C2saT8RWfjHs2vYBnuyy9GUgg/QkqfQ/WqqcWrROBrP8A+bsptfKzXVq8baZFKnyIxWKrBprZlv7L8BaPu72TQUUgouvBLjDKTy2HkDz286nJ7pm1tCgSOXOT4cMcFd+oIBOCcmq52UjnmHchvuhkqMAnWceBR0yd98AZzUyLF1tjJ3kezEd3v4h5j55+nOvJ4nW5vc4s16j7xSSZ9ECqrAKoxCrgZYbAnTud8k8t+dR7XbKoiYHLofE2rbQxGlOhO/qdjjnvLdir5lleRmGlAoXJ3G5Jxn8IHWqt2lv1lc7eHLFR5LkkD9tTjhqdGaVsz3MwSELjGpickYzyH7qrs5XPhzj1r3GRjB/ZWFsdK7sMNNnVhjR0j2byRpw67klkEccd3ZyO7BiAscsbnZQSSdOBtzIrB7T+Jo0FrCMh2kuLtlPNEupXeJWHRirZI5jbzFUaDiEqRtEkjLG5VnQHwsUOVJHUggGirNczba5ppW9WZ2P88+gHkK6LNqMVsUDqZASgPiAOCR5Z6fGrFwq1vbxWitICkRbLaPCg2Aw0jHxcuQ39KuvZn2axQr318VdwM90DmNAP0z+M/s6b86nrTijTS9yjrDEAVC4QA7bDcHGTjYcgwrhzcTC6St/Q6sPByypyeyRUOGezONT/AKVcZYAExxAgDPQyEb7+QFTXD+DW8CMwtoEwdMbkNK5Y783PMDB8skCp+yspZNLkOkSBgQVB6Y1AAjY+npU93tukSzeAxg4BVGyCeuMEg+fw3OK87JxGbJyfly8/BeB1qGLD0t+9vFlXs+zUpbVLMWXT92FBVj/ZYMTjmT6dAKlLPgFu+oSRAsRk6nYnO2+RpAHT3a8HijF5CvdooGSzhmyDjSQF23z0Bx13BA24b5dKnBKsdOTgYZRuknII2RzGx1DArkg8sZW6fvw995vknmqrfl69PfgV2azt2nRV7wIwIVF/S/CRvtkEnG2yjlyrMvB4ZSY4WKu3IsoIOkBiuVIzkEeWx51LScMR4lLvo8WwVwRnkygkcuY5chyrLbWUaDUiPG41AMGDNhuowSFGN8dMVrqVKVc9697EviLj8rf+/fMj17JS6B3d1JEu3hGSucb4BbYen7TWjxHhd5qTW7yJsdWQFySBp0DU2ceQK88ldzUlJ2ijUqijvSpHi16WONzuOmxyWwNuVTE/aFAUHdsZNwqHHPkPGuVwfMZ251pialD5uZk3xEGnX0X/AH1ObxtnV3saSxLzEigZGdtLeu+OfwrVu+yfD52Ai7yBiOWliCcA7aQy4+CjNdRuOHZIZ9I0gEvqOrbcgE4C/HnitPvUiUiSaScS7oN3GNt1CLlVH61arJLH1oZMmLN/Rv3e/wCDjPFOwNygLQlbhF28Bww3/QJ/I7+VQ8HZu6YZMLIM4+8BQ7c8K3iIHmB1r9AxGBWQQiNXX8JfTkMdwxBJZhuQN8Hy51r9qLfCiVpQApBxI2BnPn89ts7ddq2XHz0crZzx4fG8qTtJ+v3OV8U9nbQ2ffd6Hm095pTdCgGSAcZLAb/IjHWqJX6A4VMZ45EQqwUahq5HIOwOOWR8Rn1GeL8R7OzxvKFgl7uNmw2k40KTg6uRGnfNdfC5nkTsx4nD8KVERUxwTghmVpGyI054xk8up2A3AqHqUseJhITGfMkeud/zrbM56fk5k8GsLy/rcvuYeJ2SofATj1x9cjmK0azTz6uQxWGrQvTuZZ3BzbgqQpSlXMhSgFbk/CLhJHhaCXvExrQIxZdQBGQoOMgg0Bp0rYmsJkGp4ZUXzaN1H1IxXiztXldY41Lu5CqqjJJPQUBipWynD5jL3AiczFtHd6Tr1eWnnn/9rDPCyMyOpVlJDKRggg4II6EGgPFK8lx5itmKxkaN5VRjHHp7xwNk1nC5PTJoDBSlKAUpSgFKUoCe7D8MS4vI0lwUUF2U/j0cl+BJGR5Bq7vfdpYbdUEitPK+pYrdMZbT55IULyOW8wFBPP8ANaOVIKkgjkQSCPgRyq4+zvtF3Nwyyh3M2PH4nZSgY5PMlcE5O+Bz2FRKTUXSIUNUlZre0P7TJcm4nt3gWRR3alw4VVHuhgBjBydJG2T0qsRxliFUEsSAABkknYAAczXZe0XBn4s0EEMsMegNJIdRO0jAKQi7sxOSc4Hi5mta64Bb8AXv3DXNwQBGxUKgLZBxudPLc5JwdsZqkZtx1UaShplpZB8Tu0sYLaKUOLxY8sqFWQAuzKJAx98gndfyxWwntamj2SMONOMMWAztuTzIG+w058659xK+eeV5pDl3Ysx/cPIAYAHkK1qRxpO+pzywQc9aVe+pv8Z4vJcyF5MbknAzgegySQByArQpSr1RtKTk7bsmezPERA0j69LaMITk8zvsAd8efma3opTNjQzHPvk/2fToAKrFbNpfSRhgjYDDBrny4Nb1LmYzxatyzTWf3HhZSWY78mCjYZ8s8+Z51X7gBRv73IVtcMvgVIdzldxk8x8TzI3+taXFJMsP551lihKM3FmUINSpmqZDjG3yA/dXmlK7aOlKj1FEzMFUFmYhVUcyScAD1JOK7x2R7KRcLt+9lw1zIBrboud+6Q9FHU9SCeQAFB9jnC1lvGmYZFumV9JJMqp+Sh/niugdtLt3ljt1YDC9423PmMD12G/rXFxWZr5UdPD4tclZ54txK41HuncIMZKggF26gZ3XAwAdhk53r7LfwFcyGKNygJIRAXwcALqBGRg+gNRdlDcMQusKq5393PqXOQCeueeM1LQ8IWGCNXm1NI504IIcE6iST5DywNq8fW3bZ7LhihUX9PuZ3siqRPDLrh1ACNz7u2AhVfDsAeWBtU8uqTB1BYx7xx5cwOmK0uE2FsC0aPl9nYA4Bydvd8Jb4ZrXhRFldA4bx8icYUnDAqunvN9skn4Vjkw65qUv29l833nLkknsr27unvqZuMP3fK4QBhlfCzMfjgEBfl86+cFFsMxxynLt4kce8SCccgPXlnas0/CdUgIeTSDq6FdgRpG2pGGRzB25ekPLP3jyJ3M0UiHUZ2MedhkdBlfIDfz3raGKOJ/LFImCjkhpTffyXhtW/luTl7IsQZe+XwjeNDGNWrbQUIJ3BG+cnzrUuppnPdl0RQu6qBq8tLEkjGMZwOuKw8TVpArFEfGkK7xqSDgeLLDPPO/LcedSQIwWHjIA74qFG6gA4zsD13zyxV5Nz2i9jOP6a1SpshDwCDSNU0pYg4GV288ahsv4RvW08iQQowkjQg5QAjJ5bs2PqcAelee0XCnuYzGkmMjwS6CxUZycqBjcDAbO3QZrl8/ALqJmKtK5zgsneEczzyuCOvXGatGMa2ZvGbyJa231o69wvjwfPfSacYCkkKsgkJ0ncbtscY2I3FRfaeYNNEXLGNRjPrqGrI5HKDHzqt8D4ZLJaTzTssCeER6+QK5LPhuQJO2OpOK3Z5RJaXFwHBj1xqMr4fulwzYI8WRgbc+VW+f9r9SILDHJrXhXY+76mW5voT3uAAWcdzhcbZG2kbbge7pPP6aXFSpgVJ2bUh3w2rYnIXbOAACK99mrCCe2keRUTcHW3PQJQdvLxZRd98YGa1Z75VE/3ZOo/dxLgkAZAzn3eecb5Iqk8bOyOaF1Ho+vkiR7L8aJyVYCNF0KuMYJ074wM9TnP5mq57QO1ssTyWqxppeIZc5yRIpBwBt5j5VN8CuFjhRO5ZWYsW2zjpqY774G3xqpe1RAXgkA/C6H+6QQPqXrr4N6cldp5vHpStpED2f4F9ot76UE6raJHUDrl/F9ERvmRUFV/wDYvdKL54HwVuIHTB6lcPj/AIQ9U7jnDTbXE1u3+ydl+Kg+E/NcH51655RpVnsbR5pFijGWc4H8T6Abn4UubN48a1I1DbPqAcehweX+dbnA+K/Zy7AeNlCq22VGcnGeWdvpVJtqLaW5DbrYkOOcJggiOklnL6FZjudO7tpGwHIDntn0quVnvLtpDljy5DyrBVcUZKPzPciCaW5bPZxad5PIdNg+lPcvWIBy2S0YAOWUKcnoG9a69eq44kZEktlRQJnS2LNeXKLGqqsiDYx6jseWAB1Ncv8AZFEguLm4lkEcUNs4dyfdMzKinHXYN+zzrqJtpWumKW8b2zWRRLu3Effu5VV0B9fu8yuRgEDetkSype0fv4uGypNNPOZ7pXUtDKiwoMsI8vt72wAqC9mEPhkZrVGCurRztw+5uTqA3VXhI0acK3nl6n+1vA5IuDzoFvjiaOVjeSQswVdjpMcjDTy8PMk7CoD2dRXTQlYrCadDIfvRezW8a7LkEIQpI5kjff0oOh1HvSE+2BFFyzd20v8ARl53hj0g6e6Dd6BsPGTp2xjNcq9p8QAiK2yIrMxeZbC4tSXIOEZpie8yNTbfo1fW47YH/u8S/fjx/wCu3IiMxyph+16tZx5EYz0zsKF7SIrlY41msZLde82ka9luFc6W2UOxAOMnOM7Y60BauwSBrGxgEMTd/b8QZiyKWLxT6U8R5e+foPKt7hnCpxZXSngtrGzGLTAJVKTYbJLsHwNA3G9VvsP2ntu4srPSvfhLuNppZDGkKzyFz0KyFlAwNt1xkZqX4L2ls4LC8jt4e9srUwRtqHiuO/cpNIeWcg+EHHujkCMAcz7aWMsNyRLax2hZFYQxsGULuuQQTzKttUHU12s4TBbzAWtwk8Ei64yD4kVicJIOjj67bgVC1BIpSlCRW3wnhslzMkEQ1SOcAcviSegA3rUq7di+0sMHcppWNtZJlxnGVYDVtnGT9PhUBGHjfs8ubcDLLI5GQqAnVvghT1b0IB8s71cvZ1Z23D4+9nkC3Ux0A81iGM93qGyvghm1EdAM43z9uePrJbxxho2l16gY3U4GDk7E6c5A3O+/lXPbMXrDuhbGQK+okK506guwZWCgEAHHX1qql89I6snDpcMsrTTfdt4tvlfRdzP0Pwexs9LTW6RNqJOpQhAYKEOnTyJAGQPM+dfnz2l8WuZb+4jnldlilYRxk+FF/DhRtnSR4uZzzrt3Zy7jgt1CxsiE6gCADl99xk79Pl0rnPtX4bBNcR3CK6M40yHw4YrgKfPVp2+CjyrWUaVnnSzKPzSZyyldA4R2FgmtJ5tc3eRasDPgOF1DOIT682FUa8gCnbl8c1nqV0dGKPxcPxo/tujBSlKsQKUpQClKUB7ghZzpUEnyH87Css9jIgyy7ehB/I1L9mLjuwzKcPqGG22xgjIPMHxfOnHZyzF2fLtgnYDoNsLtXO8zU9NHqYeBxSw6pSepptdmzrs+68OpbvYlMNV2nUrGw+Xeg/mPrV57RcN7wsUbRKAGRtzsAQykdRgD+efJfZjxNYOIIG2SZWhOeQLkFP8AmVR/erud/FgBl2I3B/YR8xXFxaccmo5cL2orPZa4OpO8woA7tlfowXw6hjB1HGCfOvfGLXunz3Y7o4YKACvLxEYIDMGyck5OoeZrFx647gm5iUMhwsqkA46gkHmBsPpWlxftN3sIWERk7AruoxjcaORONsVzOCcfM78WT9RS7qJKD/SAO71aV5nQsSL6nzO3PJ5cqnWtIFWBHlAC51DOe8bwH3jvjO/rmqpwyBlOsERlkKqrsZUySN9KHO4884JPPpvf0vJG8a3KxOoOr7tk188axG5yQNvL+GairqrLZlKW8HSVvpf+/Imr7iuHY96sYGnWvMrn10lc8vxdc5230HvJCe9hnjeJUBZZGjIz4iVOhfeHI+LnkDlWS+4iLgAG2fY4B33B65XntvzxWtbm0RyuhIcYVAXUZJH6C8j+tvUSyTbdb/QrDGopNx8tmSaQlSGZWjiI+8CPkI230X+B5Ut2ijWTS5EWpuRwSTuQG54DE7Dr6bV9W+fWHUqDIcHZiMjOfEExj9bTVTbiQWV4HULp3VCmd2J5b4GMDcjPQVg46r0Wn27V/HfyLY8Ly8/f3vvLdFHq+6w6qVGlvERgY8J6YOAOeTzrFxKAqqhI0EmfCzhirEdfBjJ+PKoy148SRHOVaPOC2SMbEghlwTuMY3zUteSCSIiN9mDAHWox01YZTnrzB/bUuCSqyk8c8Ukq/j1+xg4jw6K9jEciyqQxG2Qqtt4txupGQCMgZ6Voca7PF4Y7ckRxhxpjJwH0KdK6lzpBOWJOWPxrUguREyrFdoVjy0xUAswQcsL4fPOkZ57Vh4l2qdwqwh8sx5EKWUAEt10DJ+W9bw1bdwWGbdR5d/Qhu0E/caYIzqdTqfwgKrYwrY5bLgIvJBv7zZGjweJi4G/i5Z+J5/MGpLiUAGZriVSxGQqjkP0dX48egx61u8AmhkCumcKwGfMZbO3zx8q1nKTW5fTGGydmOGz0Nj9Jwdv0cZ/fVe9qkelYR5sx+igH+fWrzxiFUZZD1226kf5Zrl3tG4p31yqDlEunb9JsFvoAo+INacJFyyp9hzcTNfD8SD4DxQ2tzDcLuYnDY815MPmpI+ddZ7U9kxccSF2mGia3WUDGdcikKpK82QIVcgbkJp/FXGK6JwzjjtwkS944lsG7uMqOk2FTJxjCjIwcjwJ8/ZR5bIrtwwjxF+NiSc7kIGOST1LSA79e7Zh/WGqhW3xbiUlxK80py74z5bAAADoAAK144WYEqpIXGogE41HAz5ZOwoSjxSss1rIgy8bqPNlYfmKxopKswGVXGphuFycDJ5DJ23oSA5AIBIB2IBO4BBwfMZAO/UCkblfdJX4Ej8qyW1rJJnu43fHPQrNjPLOkHFHtXGrKMNBAfKkaS2dIbI2JwcZ54oQeXncjBdiPIsSP2mvSXUgQxiRxGxyyB2CscYyVBwTjbcVki4dM2yQyt4Q3hjdvC3utsOR3weuK15VKkhgVIOCGGCD5EHkaA846VkedyqqXYqvuqWJC5xnSCcLyHLyrzKhU6WBDYBwdjhgGBx5EEH4Gva27nGFbdWYbHdU1amHmq6Wyemk+VAYqyJO4VkDsFbGpQxCtjcalBwcHlnlXhBq5b/Df8q9GJuek/Q0JPNKyrayEAiNyDyIVt/htWOVCvvAr+sCPzoD5SvsiFdOoY1DUufxAkjI8xkEfKvlAKzWSqZEDe6XUN8Cwz+ysNSnZrgkt5cJDFjUSNzyA86hlZOkdWmsg/AnIUD7Pcalx0GQD8sSE/Kqvwe8ZBlV1YOkry2OWBHqMPt11AVdO092OH2bWGVlaUNrOCukuM5G5zjC/H0rnnDZSGx1PL9YEMv1IA+DGuWUtE01zR9L+CcHln+EvDlXPl6L7o6VFxDVw2OfOAoDHmRgMUPLcjGTVW4zcG5g1KrsAco3hUZGxOGIY7ZHI1K8D4fL9naFAzRzISq+8ul+RwDqBBJXn+Hc+VGMsiDuWypjJUr5EEgg+uc1txMpVF3tXTtOH8L/DMHFyyY59H17P5NrhPbRrPvVWFZNWBh9tJGd9gGwc42PQVTLq7L8wBjkPL61J8XiGNf4ht8Qah5GyaY6kkzm4rhXwE5cLB/Ls/Hqru/8Ap5pSlanGKUpQClKUB7ilK8q+O5PM15qX7LW8Ek+idSysp0gMV8YIPMf2dVUm1FOTXIt8WUY1exEA/L4V2nsl20+024Dkd+gxKp/GMY71fjgZ8j6YrmPaTgwgbKZ0E7Z/z3+tRFtcNGwdGKsvIjp/PlWUlHPC0RiyVujvwjjm1aG3IwynnyOQR1FVDivY2VTriI5kcuQO/wC7nVe4b2tVsCbwMPxjOD6+amrjY9ppAPeWVPX9zDf65rzpYp43sejHIpLYrkdzdW3hOdI5HTqH1G4+lbidqy6DWqyDlpIBx8fKp+XjdvICHjKE8yMEevLf9lR8vBLKdsK6ZPLfB+hwao5J/uXoaruZqTcftm2ePQc7mMld/MjOlj8QazQtYk6o53U431aTvjAOdsY8h9awX/s/YDMcrDY+Z5b1FDsVc4OJeWOnn8qL4TXOi6y5Y8mXiXiMbJhb1Y2xuQsZBIHvEBQcnbk1VniEOuZA95Gw8QMo7zIGxwV5keQ1Y3+sQex93/4v8/Svn/Yi5zhphtz9Ou229XjHGv6v8kY82XG7iv8ABY55uHxkFpGdlGFYny9FxjeoduP22WLI75GMM22B8VyOXnWqnYYn3pmPwz8+v85rPb9lbeNlMjjGRksQNuvOmjCt7ZPxsz5sx3Pa2HOIrcP562ZgfTQmlMfWg4xezALGiQr5IgUfQc/jmph5eHwnwkOR+guf28v21qSdphnEMQAzsXPX4D+NWTv9sfUo3f7pH217PO57yZix6lt/8uvM5qatOIwwApHhyQQccuZ3J6nYcqp/E+Nuf62TI/RG3/KPzNQV5xtyCE8AxueuPj0q0eGnk5mc80IbFp7R9qiMgNqkAwPJB5/H0+tUNmySTuTuT5k86uFjwyOPSmA0uMykjOk4yQPLA+pBz0qP4lbq4OwVsZXA5jfqBg8sV0YskIPTFeZXLwuSUdbe/Z76kAqkkAAkk4AAySTsAAOZJ2xXXeD8KWB14K+NdxZyvOfKeXBQZ/sCIAfDPWqL7POJ29tfRzXI8ChtLdI5CMK5HkNx6agelSt72jU8dS6VwyCWMalOQVwFO45jLGu08xlHdCpKsMMpIYeRBwR9auPYcj7PdagNIIZgUjy+IZ8JHK6nEocpIFzsIyRvnPn2scH+z8SlIGEm+9XyyxIf/nBP94VTyxxpycZzjpnzxyzsN/ShPMuPaW+Tu7KIG6GFWXE0ikZaaVSz+EMZMIADnAXYDc5s/EOOMpkkDG4iXXqkt5Je8eQ3V40UGpfwrGQckaVByNWpAeV3Fw8japHZ2/Sdix+rEmvVtdyR57uR0zz0Oy5+OkjNBRe+xdtN9ru45g7SsMOwE7YIDSEFo9skhVOrBI1KOZB89rZNVpPhSpBiDLiRdLNc3j6fGNQ8LKQDuAVqhd62CNTYY5YZPiPmfM89z516Nw+gR637sHITU2gE9QucA+uOtBR1lWhlGhULr3VoNfdQhP6m5KOwMf3aMRp8QwmteQyKqZnI4ldMJkhQyFnEgjVnGciJBcKNLE7aiFCjc9Aai87ldJdiuFGksSMJnSMZxhcnHlk4rzI5Y5YknzJydhgbn0AHyoKL77QL55EP3tvGdEWuBWt21gxxMHQplgQzYKkjKqGUsNWJrgHEYlWKOKZ4i1vEVjZGbCosxZ9QBUM5yzbDdRjOcVyh3JOWJJ23JydgABk9AAB8AKypeSDIEjjK6Dh2GU/QODun9nlQUWG9v43vpp0vZUiPiLx96sjjb7qIZ36AFyqgDONsVudreLibI+0XMRNvAyQmR3idHgjbuiRhteSx1vqDZOSp50uvckhbGok4AAyScBRgDfoAAAOgFBRZuyfG5US61yTvGlqMRieVMYubVRoIJ0EAnGBjoQRkV44RcFr9ZEkuZ9A1Kzle8CgZZZGeTSsYDMrNqUb5GM1XEkIzgkahhsEjIyDg+YyAcHqAeleKCjqXae6R7VkhnmnzAGIVgSsavL4tLsC8ROzOAxAjGdOd+XV9dicZJOBgZOcDfYZ5Dc7epr5QCrb7Pu0P2KR5ViEkmDjUcKBjGdtzzO23PnVSre4Tzb9X94qKsrNJrcv9nM3E77VcuELjB7vwgaI9satX6NV7tTam2lZCdgxCt5qDsTjr/nUj2O/1qP8AW/ca8e1T+tT5/wCN6rLFF70d+H8T4rElCM9uVM1+G9v7mFDFC+jUd20qSCeZUkZXJ5jzJIxWLhl8puA8+ZMnLZx4ieZOeZ+PpVSFSZqVBGM+LzOTkpU32betVfmSHbiWIz4hxo57DAzgZwDuBnOMgVXKyXHvVjqxghSlKEilKUApSlAK9RSFSGU4IOQfIivNKgE3xLjnfxaWGGHlyO4JOedQlKVSGOMFUSsYqPIV7hmZTlWKn0JH5V4pVyxL2/aGVdmw49dj9R/CtoceRveUj6Gq9Ssnhg+hrHNNdSyrxwD3JWX4Fh+VZ7XtHKv+8v8AOQ/vNVOlV/LQL/mJF1/7US/+Zbbl4h8axT9ppSP9ab/j/hVPpVVwsB+ZkTUnFiecrn4sxrWN8o5A1HUrVYooo88jfk4kei/WteS8c9cfDb/OsFKsoRXQq8knzYr4RX2lXKFot+JB1dvCGKgEb5Ugb435N158/OtG+ukUHSckjAGc46ZPl54qDavornXDxTs65cbOUdNb9ooa+0roOQ6H7Qu0FtfWNpKJF+1R4WSPrunjP6upVIrnlfK+0ISoUpShIpSlAKUpQClKUApSlAKUpQClKUB//9k=\" style=\"width: 415px;\">hii</p>', 1, 1, '0.00000000', '0.00000000', '0.00000000', 4, '50.00000000', 0, 2, 0, 0, 1, 0, '2019-02-02 01:56:25', 0, '2019-02-23 01:46:51'),
(4, 1, 1, '123', '123', '123', 'Matte Compac', 'FIXED', '520.00000000', 'upload/products/beauty/Lakme-Women-Compact.jpg', 'It was popularised in the 1960s with the release of Letraset sheets containing', '', 1, 1, '1.00000000', '1.00000000', '1.00000000', 2, '80.00000000', 0, 1, 1, 1, 1, 0, '2019-02-26 04:48:21', 0, '0000-00-00 00:00:00'),
(5, 1, 1, '123', '123', '123', 'Matte Compact', 'FIXED', '250.00000000', 'upload/products/beauty/Lakme-Women-Compact-2.jpg', 'Desktop publishing software like Aldus PageMaker including versions of Lorem Ipsum.', '<p>Lorem Ipsum is simply dummy text of the printing and typesetting industry. Lorem Ipsum has been the industry\'s standard dummy text ever since the 1500s, when an unknown printer took a galley of type and scrambled it to make a type specimen book. </p><p>It has survived not only five centuries, but also the leap into electronic typesetting, remaining essentially unchanged. </p><p>It was popularised in the 1960s with the release of Letraset sheets containing Lorem Ipsum passages, and more recently with desktop publishing software like Aldus PageMaker including versions of Lorem Ipsum.</p>', 1, 1, '10.00000000', '10.00000000', '20.00000000', 2, '30.00000000', 0, 2, 0, 0, 1, 0, '0000-00-00 00:00:00', 0, '2019-03-02 12:45:20'),
(6, 2, 1, 'c456', 'c456', 'c456', 'Kajal', 'FIXED', '400.00000000', 'upload/products/beauty/Lakme-Women-Kajal.jpg', 'Standard dummy text ever since the 1500s,  when an unknown printer took a galley of type and scrambled it to make a type specimen book.', '', 1, 1, '0.00000000', '0.00000000', '0.00000000', 2, '250.00000000', 0, 2, 0, 0, 1, 0, '2019-02-02 01:44:38', 0, '2019-02-08 07:10:05'),
(7, 3, 1, '123', '123', '123', 'Lip Crayon', 'FIXED', '1200.00000000', 'upload/products/beauty/Lakme-Cinnamon-Brown-Enrich-Lip-Crayon.jpg', 't was popularised in the 1960s with the release of Letraset sheets containing Lorem Ipsum passages, \r\nand more recently with desktop publishing software like Aldus PageMaker including versions of Lorem Ipsum.', '<p>Lorem Ipsum is simply dummy text of the printing and typesetting industry. Lorem Ipsum has been the industry\'s standard dummy text ever since the 1500s, when an unknown printer took a galley of type and scrambled it to make a type specimen book. </p><p>It has survived not only five centuries, but also the leap into electronic typesetting, remaining essentially unchanged. </p><p>It was popularised in the 1960s with the release of Letraset sheets containing Lorem Ipsum passages, and more recently with desktop publishing software like Aldus PageMaker including versions of Lorem Ipsum.</p>', 1, 1, '0.00000000', '0.00000000', '0.00000000', 2, '100.00000000', 0, 2, 0, 0, 1, 0, '2019-02-02 01:56:25', 0, '2019-02-23 01:46:51'),
(8, 3, 1, '123', '123', '123', 'Lipstick', 'FIXED', '600.00000000', 'upload/products/beauty/Lakme-Women-Lipstick.jpg', 'Lorem Ipsum has been the industry\'s standard dummy text ever since the 1500s', '', 1, 1, '1.00000000', '1.00000000', '1.00000000', 2, '150.00000000', 0, 1, 1, 1, 1, 0, '2019-02-26 04:48:21', 0, '0000-00-00 00:00:00'),
(9, 1, 1, '123', '123', '123', 'Makeup Primer', 'FIXED', '5000.00000000', 'upload/products/beauty/Lakme-Absolute-Blur-Perfect-Makeup-Primer.jpg', 'Lorem Ipsum is simply dummy text of the printing and typesetting industry.', 'undefined', 1, 1, '10.00000000', '10.00000000', '20.00000000', 2, '60.00000000', 0, 2, 0, 0, 1, 0, '2019-06-23 12:27:40', 0, '0000-00-00 00:00:00'),
(10, 1, 1, '123', '123', '123', 'Makeup Primer', 'FIXED', '10000.00000000', 'upload/products/beauty/Lakme-Absolute-Blur-Perfect-Makeup-Primer.jpg', 'Lorem Ipsum is simply dummy text of the printing and typesetting industry.', 'undefined', 1, 1, '10.00000000', '10.00000000', '20.00000000', 2, '120.00000000', 0, 2, 0, 0, 1, 0, '2019-06-23 12:27:51', 0, '2019-06-23 12:28:38');

--
-- Dumping data for table `product_attributes`
--

TRUNCATE TABLE `product_attributes`;
INSERT INTO `product_attributes` (`product_id`, `attribute_id`, `text`) VALUES
(1, 1, 'red'),
(1, 2, 'nil'),
(3, 1, 'red'),
(3, 2, 'nif');

-- --------------------------------------------------------


--
-- Dumping data for table `product_categories`
--
TRUNCATE TABLE `product_categories`;
INSERT INTO `product_categories` (`category_id`, `product_id`) VALUES
(1, 2),
(2, 2),
(3, 2),
(1, 3);

-- --------------------------------------------------------

TRUNCATE TABLE `related_products`;
INSERT INTO `related_products` (`product_id`, `related_id`) VALUES
(1, 9),
(1, 10),
(4, 5),
(9, 10),
(10, 9),
(5, 4);

